{"version":[4,2],"axesColl":[{"name":"Map","type":"MapAxes","scaleLength":700,"unitString":"mm","originLocation":"top-left","imageHeight":875,"calibrationPoints":[{"px":241.6869918699187,"py":47.286585365853654,"dx":0,"dy":0,"dz":null},{"px":796.5162601626016,"py":46.235772357723576,"dx":0,"dy":0,"dz":null}]}],"datasetColl":[{"name":"Default Dataset","axesName":"Map","colorRGB":[200,0,0,255],"metadataKeys":[],"data":[{"x":519.1016260162601,"y":605.7936991869918,"value":[654.9230678186686,764.2978716547824]},{"x":479.17073170731703,"y":824.8882113821138,"value":[604.5443702941557,1040.717830440597]},{"x":474.9674796747967,"y":148.6900406504065,"value":[599.2413495021018,187.59436051891018]}],"autoDetectionData":null}],"measurementColl":[]}